"!shopname hat die Forderung gegen Sie im Rahmen eines laufenden Factoringvertrages an die PayPal (Europe) S.??r.l. et Cie, S.C.A. abgetreten. Zahlungen mit schuldbefreiender Wirkung k??nnen nur an die PayPal (Europe) S.??r.l. et Cie, S.C.A. geleistet werden.","!shopname hat die Forderung gegen Sie im Rahmen eines laufenden Factoringvertrages an die PayPal (Europe) S.??r.l. et Cie, S.C.A. abgetreten. Zahlungen mit schuldbefreiender Wirkung k??nnen nur an die PayPal (Europe) S.??r.l. et Cie, S.C.A. geleistet werden."
"* Required Fields","* campo obbligatorio"
"-- No Status Change --","-- Nessun cambiamento di stato --"
"3D Secure","3D Secure"
"3D Secure Authentication","3D Secure Authentication"
"3D Secure failed","3D Secure fallito"
"3D Secure sucess","La verifica 3D Secure é andata a buon fine"
"A URL to logo image. Allowed file formats: .gif, .jpg, or .png. Limit the image to 190 pixels wide by 60 pixels high, larger images will be cropped.","A URL to logo image. Allowed file formats: .gif, .jpg, or .png. Limit the image to 190 pixels wide by 60 pixels high, larger images will be cropped."
"A authorized transaction cannot be authorized again.","Una transazione autorizzata non può essere autorizzata di nuovo."
"A authorized transaction cannot be marked as failed.","Una transazione autorizzata non può essere contrassegnata come non riuscita."
"A cancelled transaction cannot be authorized.","Una transazione annullata non può essere autorizzata."
"A cancelled transaction cannot be cancelled again.","Una transazione cancellata non può essere cancellata nuovamente."
"A cancelled transaction cannot be captured.","Una transazione annullata non può essere registrata."
"A cancelled transaction cannot be marked as failed.","Una transazione annullata non può essere contrassegnato come fallita."
"A cancelled transaction cannot be refunded.","Una transazione cancellata non può essere rimborsata."
"A captured transaction cannot be authorized.","Una transazione registrata non può essere autorizzata."
"A captured transaction cannot be cancelled.","Una transazione registrata non può essere annullata."
"A captured transaction cannot be marked as failed.","Una transazione registrata non può essere contrassegnata come non riuscita."
"A failed authorization cannot be authorized.","Una autorizzazione fallita non può essere autorizzata."
"A label that overrides the business name in the PayPal account on the PayPal pages.","A label that overrides the business name in the PayPal account on the PayPal pages."
"A payment method may not available for customers from different counties. You can decide when this availability check should happen. We recommend to set it during authorization","Alcuni metodi di pagamento non sono disponibili in alcuni paesi. E` possibile definire il momento in cui il controllo della disponibilità deve essere eseguito. Si consiglia di mettere su 'Durante l'autorizzazione'."
"A refund was added over !amount.","Un rimborso é stato aggiunto a !amount."
"A transaction may be uncertain, when the payment is not guaranteed. For example in case the credit card does not participate in the 3D procedure.","Una transazione può essere incerta, quando il pagamento non é garantito. Per esempio nel caso la carta di credito non partecipa alla procedura 3D."
"About","A proposito di"
"Account Holder","Account Holder"
"Account Holder Name","Intestatario del conto"
"Account Number","Account Number"
"Account owner name.","Intestatario del conto"
"Action","Azione"
"Actions","Azioni"
"Activate","Activate"
"Activate the payment method and test.","Activate the payment method and test."
"Active","Active"
"Additional Information","Ulteriori informazioni"
"Address Check","Address Check"
"Adjust Qty","Regolare la quantità"
"Adjustment Discount","Regolazione del discount"
"Adjustment Fee","Costi di adeguamento"
"After payment selection","Dopo la scelta del pagamento"
"Ajax authorization not supported.","Autorizzazione Ajax non supportata."
"Alias","Alias"
"Alias For Display","Alias da visualizzare"
"All Customers","Tutti i clienti"
"Allowed Currencies","Valute accettate"
"Allowed currencies for this payment method","Valute ammesse per questo metodo di pagamento"
"Already registered?","Già iscritto?"
"Always Checkout as Guest","Effettua il checkout sempre come ospite"
"American Express","American Express"
"Amount","Importo"
"Amount Incl. Tax","Importo tasse incluse"
"Amount due / currency","Amount due / currency"
"An error occured: PayPalPlusCw response is: ""!data""","Si è verificato un errore. La risposta di PayPalPlusCw è: ""!data"""
"Approval URL missing in registration response.","Approval URL missing in registration response."
"Are you sure you want to cancel this order?","Sei sicuro di voler cancellare questo ordine?"
"Author","Autore"
"Authorization Amount","Importo autorizzazione"
"Authorization Failed","Autorizzazione non riuscita"
"Authorization Method","Metodo di autorizzazione"
"Authorization is uncertain.","Autorizzazione incerta"
"Authorized Status","Stato autorizzato"
"Await Notification","Attendi la notifica"
"Awaiting confirmation","In attesa di conferma"
"BIC","BIC"
"Bad signature format.","Bad signature format."
"Bank Location","Posizione della banca"
"Bank Name","Nome della banca"
"Bank account number","Numero IBAN"
"Bank code number","Numero del codice bancario"
"Before payment selection","Prima della selezione del pagamento"
"Billing Address","Billing Address"
"Billing Information","Dati di fatturazione"
"Billing address","indirizzo di fatturazione"
"Brand Name","Brand Name"
"By setting the capturing the reservation can be captured directly after the order or later manually over the backend of the store.","By setting the capturing the reservation can be captured directly after the order or later manually over the backend of the store."
"By setting the capturing the reservation can be captured directly after the order or later manually over the backend of the store. The difference between 'order' and 'authorization' is that on 'order' only a check is done, but not really a reservation on the card.","Con questa opzione è possibile specificare se si desidera catturare subito dopo l'ordine o manualmente la prenotazione. Nel caso di 'Ordina' solo un controllo di informazioni è fatto, ma nessuna prenotazione viene effettuata sulla carta."
"By setting the capturing the reservation can be captured directly after the order or later manually over the backend of the store. The difference between 'order' and 'authorization' is that on 'order' only checks the payment information and does not create a reservation.","By setting the capturing the reservation can be captured directly after the order or later manually over the backend of the store. The difference between 'order' and 'authorization' is that on 'order' only checks the payment information and does not create a reservation."
"CVC Code","Codice CVC"
"Can not redirect customer, approval URL missing in registration response.","Can not redirect customer, approval URL missing in registration response."
"Can not update transaction, authorizeId not set","Can not update transaction, authorizeId not set"
"Can not update transaction, saleId not set","Can not update transaction, saleId not set"
"Cancel","Interrompere"
"Cancel ID","Cancel ID"
"Cancel failed with unkown error.","Cancel failed with unkown error."
"Cancel pending orders when out of stock","Cancellare gli ordini pendenti quando fuori stock."
"Cancel status","Status di cancellazione"
"Canceled PayPalPlusCw","____ModuleCamel___ annullato"
"Canceling of this payment not possible!","Questo pagamento non può essere cancellato!"
"Cancelled Status","Stato annullato"
"Cannot update item quantity.","Impossibile aggiornare la quantità dell'articolo."
"Capture Amount","Capture Amount"
"Capture ID","Capture ID"
"Capture amount","Importo contabilizzato"
"Capture failed with unkown error.","Capture failed with unkown error."
"Capture information","Informazione della contabilizzazione"
"Capture status","Status di registrazione"
"Capture: Don't Close","Registrazione: Non chiudere"
"Captured Amount","Importo riconosciuto"
"Captured Status","Stato contabilizzato"
"Captures","Acquisizione"
"Captures & Refunds","Registrazioni & Rimborsi"
"Capturing","Contabilizzazione"
"Card Expiration","Carta di data di scadenza"
"Card Holder Name","Titolari di carte"
"Card Number","Numero di carta"
"Carrier Title","Titolo del trasportatore"
"Check out faster","Effettua il checkout più velocemente"
"Check to activate the external checkout.","Selezionare questa opzione per attivare il checkout esterno."
"Checkout","Checkout"
"Checkout API","Checkout API"
"Checkout as Guest","Checkout come ospite"
"Checkout as a Guest or Register","Checkout come ospite o iscriviti"
"Checkout as a new customer","Effettua il checkout come nuovo cliente"
"Checkout using your account","Effettua il checkout utilizzando il tuo account"
"Choose settlement after order in case you want an invoice to be created with your oder. The state of the invoice will set according to your capture status","Choose settlement after order in case you want an invoice to be created with your oder. The state of the invoice will set according to your capture status"
"Choose settlement after order in case you want an invoice to be created with your oder. The state of the invoice will set according to your capture status. For captured payments, an invoice is always created.","Seleziona 'Creazione dopo l'ordine' se vuoi che la fattura venga creata. Lo status della fattura sarà impostato secondo lo status della registrazione. Per i pagamenti acquisiti, viene sempre creata una fattura."
"City entered","City entered"
"Company Commercial Number","Numero commerciale dell'azienda"
"Confirm Password","Conferma la password"
"Connection error.","Connection error."
"Continue","Continua"
"Could not convert object of type '!type' to string.","Impossibile convertire l'oggetto di tipo '!type' in  string."
"Could not create URI to cancel the transaction","Could not create URI to cancel the transaction"
"Could not create URI to capture the transaction","Could not create URI to capture the transaction"
"Could not create URI to refund the transaction","Could not create URI to refund the transaction"
"Could not delete experience profile.","Could not delete experience profile."
"Could not find a brand for the given card number.","Impossibile trovare un marchio in base al numero di carta fornito."
"Could not find pressed button.","Impossibile trovare il pulsante premuto."
"Could not find template file at default location '!location'.","Impossibile trovare il file template nella posizione di default '!location'."
"Could not find the payment method !paymentMethodName.","Impossibile trovare il metodo di pagamento !paymentMethodName."
"Could not load layout from URL !url. Reason: !reason","Impossibile caricare il layout dall' URL !url. motivo: !reason"
"Could not register experience profile.","Could not register experience profile."
"Could not update experience profile.","Could not update experience profile."
"Could not update payment information","Could not update payment information"
"Country entered","Country entered"
"Create","Create"
"Create Account","Crea un account"
"Create New Order - Payment","Crea un nuovo ordine - Pagamento"
"Create a recurring payment, with an existing alias is not supported","Create a recurring payment, with an existing alias is not supported"
"Creating an account has many benefits:","I numerosi vantaggi di creare un account:"
"Creation Date","Data di creazione"
"Credit Card Brands","Credit Card Brands"
"Credit Memo History","Credit Memo History"
"Credit Memo Totals","Credit Memo Totals"
"Credit memo's total must be positive.","Il totale di nota di credito deve essere positivo."
"Currency","Valuta"
"Current Configuration Scope:","Attuale ambito di configurazione:"
"Customer Account","Account cliente"
"Customer Alias Management","Gestione dell'Alias del cliente"
"Customer successfully returned from PayPalPlusCw","Il cliente é tornato con successo da PayPalPlusCw."
"Customer successfully returned from PayPal Plus","Cliente rimandato con successo dalla pagina di pagamento ____ ModuleCamel____."
"Customer sucessfully returned from the PayPalPlusCw payment page.","Il client è tornato con successo da PayPalPlusCw."
"Customers","Clienti"
"Customweb","Customweb"
"Data Encoding","Codifica dei dati"
"Date","Data"
"Date of Birth","Data di nascita"
"Day","Giorno"
"Deactivate","Deactivate"
"Dear customer we have received your billing and shipping information. In order to finish your order please create an account below or checkout as guest.","Gentile cliente abbiamo ricevuto le sue informazioni  di  fatturazione e  spedizione. Per concludere il tuo ordine,  vai alla cassa, crea un nuovo accesso o effettua il checkout come ospite."
"Dear customer, it appears to us that your payment was successful, but we are still waiting for confirmation. You can wait on this page and we will redirect you after we received the confirmation. Or you can close this window and we will send out an order confirmation email.","Gentile cliente, il suo pagamento sembra andato a buon fine, tuttavia siamo ancora in attesa di conferma. Può aspettare su questa pagina e la reindirizzeremo dopo che avremo ricevuto la conferma. Oppure può chiudere questa finestra e le invieremo una e-mail di conferma dell'ordine."
"Default Config","Configurazione predefinita"
"Deferred (authorization)","Ritardato (Autorizzazione)"
"Deferred capturing","Registrazione ritardata"
"Deferred settlement","Creazione ritardata"
"Define a maximal order total for this checkout to be available.","Definire un ordine totale massimo al fine che questo checkout sia disponibile."
"Define a minimal order total for this checkout to be available.","Definire un ordine totale minimo al fine che questo checkout sia disponibile."
"Define here the API password of your live account. You find it at the same location as the username.","Inserisci qui il password API. Il password può essere trovato sul sito stesso come il nome utente."
"Define here the API signature of your live account. You find it at the same location as the username.","Si prega di inserire la firma API. La firma può essere trovato sul sito stesso come il nome utente."
"Define here the API username of your live account. You can find it in your PayPal account under My Account > Profile > My Selling Tools > API access. There you can update the credentials and you can find also the API username, the API password and the API signature.","Si prega di inserire il nome utente API del account live. Lo si può trovare nel tuo conto PayPal in My Account > Profile > My Selling Tools > API access. Ci si può anche trovare la API password e la API firma."
"Define here your API password of the sandbox account. You can find it where you find also the e-mail address of your sandbox.","Inserisci qui il API password. Il password può essere trovato sul sito stesso come il Sandbox indirizzo e-mail."
"Define here your API signature of the sandbox account. You can find it where you find also the e-mail address of your sandbox.","Inserisci qui la API firma. La firma può essere trovato sul sito stesso come il Sandbox indirizzo e-mail."
"Define here your API username of the sandbox account. You can find it where you find also the e-mail address of your sandbox.","Inserisci qui il API nome usario. Il nome usario può essere trovato sul sito stesso come il Sandbox indirizzo e-mail."
"Define here your Rest API client ID of your live account. You can find it where you find also the e-mail address of your sandbox.","Define here your Rest API client ID of your live account. You can find it where you find also the e-mail address of your sandbox."
"Define here your Rest API client ID of your sandbox account. Login under 'https://developer.paypal.com/' with your live account and create a new app for an your sandbox merchant account.","Define here your Rest API client ID of your sandbox account. Login under 'https://developer.paypal.com/' with your live account and create a new app for an your sandbox merchant account."
"Define here your Rest API client secret of your live account. You can find it where you find also the e-mail address of your sandbox.","Define here your Rest API client secret of your live account. You can find it where you find also the e-mail address of your sandbox."
"Define here your Rest API client secret of your sandbox account. Login under 'https://developer.paypal.com/' with your live account and create a new app for an your sandbox merchant account.","Define here your Rest API client secret of your sandbox account. Login under 'https://developer.paypal.com/' with your live account and create a new app for an your sandbox merchant account."
"Define here your sandbox business e-mail address. You can find the sandbox e-mail under Applications > Sandbox Accounts.","Inserisci il Sandbox business indirizzo e-mail. Potete trovare e-mail in Applications > Sandbox Accounts."
"Delayed","Ritardato"
"Delete","Cancellare"
"Delivery address","Indirizzo di consegna"
"Deregister","Deregister"
"Description","Descrizione"
"Description of the order","Riepilogo ordine"
"Diners Club","Diners Club"
"Direct Debits","Direct Debits"
"Direct E-Banking","Direct E-Banking"
"Direct capture after order","Subito dopo l'acquisto"
"Directly after order (sale)","Subito dopo l'ordine (Vendita)"
"Disabled","Disattivato"
"Discount","Sconto"
"Discount Amount","Sconto"
"Do not mark transaction as uncertain.","Non contrassegnare le transazioni come incerto."
"Do only check the payment information (order)","Controllare solo le informazioni di pagamento (Ordine)"
"Don't change order status","Non cambiare lo stato dell'ordine."
"During authorization","Durante l'autorizzazione"
"Edit","Modifica"
"Edit Invoice %s","Modifica la fattura %s"
"Eligible","Eligible"
"Email Address","Indirizzo email"
"Empty version number field name","Campo del numero vuoto"
"Enable or disable logging.","Attiva o disattiva logging."
"Enable the payment method","Attiva la modalità di pagamento"
"Enabled","Attivato"
"Enter the Sandbox and Live Email Adress.","Enter the Sandbox and Live Email Adress."
"Enter the date on which your card expires.","Inserisci la data di scadenza della carta."
"Error Message:","Error Message:"
"Error retrieving acces token","Error retrieving acces token"
"Error retrieving the checkout details.","Error retrieving the checkout details."
"Error updating the payment details for unkown reason.","Error updating the payment details for unkown reason."
"Error updating the payment details, registration id is missing.","Error updating the payment details, registration id is missing."
"Error updating the payment details.","Error updating the payment details."
"Error updating transaction: !error","Error updating transaction: !error"
"Error with the length of the validation date.","Error with the length of the validation date."
"Excl. Tax","Escl. tasse"
"Experience Profile","Experience Profile"
"Express Checkout","Express Checkout"
"External Checkout","Checkout esterno"
"External Checkout: Guest Checkout","Checkout esterno: Checkout da ospite"
"Failed","Non andato a buon fine"
"Failed payment authorization.","L'autorizzazione é stata rifiutata."
"Figure !number:","Figure !number:"
"Forgot Your Password?","Hai dimenticato la password?"
"Forgot your password?","Hai dimenticato la password?"
"Get Update","Aggiorna"
"HTTP error during the execution of the transaction.","HTTP error during the execution of the transaction."
"HTTP error during the registration of the payment wall.","HTTP error during the registration of the payment wall."
"HTTP error during the registration of the transaction.","HTTP error during the registration of the transaction."
"Here you can insert an order prefix. The prefix allows you to change the order number that is transmitted to Authorize.net. The prefix must contain the tag {id}. It will then be replaced by the order number (e.g. name_{id}).","Here you can insert an order prefix. The prefix allows you to change the order number that is transmitted to Authorize.net. The prefix must contain the tag {id}. It will then be replaced by the order number (e.g. name_{id})."
"Here you can insert an order prefix. The prefix allows you to change the order number that is transmitted to PayPal. The prefix must contain the tag {id}. It will then be replaced by the order number (e.g. name_{id}).","Qui è possibile inserire un prefisso ordine. Il prefisso consente di cambiare il numero d'ordine che viene trasmesso a PayPal. Il prefisso deve contenere il tag {id}. Il tag sarà poi sostituito dal numero d'ordine (ad es name_ {id})."
"Here you can specifiy the order description. The order description is shown on the PayPal Plus payment page. The order description can contain the tag {id}. It will then be replaced by the order number (e.g. name {id}).","Here you can specifiy the order description. The order description is shown on the PayPal Plus payment page. The order description can contain the tag {id}. It will then be replaced by the order number (e.g. name {id})."
"Hide","Nascondi"
"IBAN","IBAN"
"IBAN number","Numero IBAN"
"ISO-8859-1","ISO-8859-1"
"ISO-8859-13","ISO-8859-13"
"ISO-8859-15","ISO-8859-15"
"ISO-8859-2","ISO-8859-2"
"ISO-8859-3","ISO-8859-3"
"ISO-8859-4","ISO-8859-4"
"ISO-8859-5","ISO-8859-5"
"ISO-8859-6","ISO-8859-6"
"ISO-8859-7","ISO-8859-7"
"ISO-8859-8","ISO-8859-8"
"ISO-8859-9","ISO-8859-9"
"If a product is in stock only once and the payment of the customer ordering this product fails or is aborted, it won't be available until the order is canceled (see timeout option below). Enable this setting to cancel the customer's pending orders when he returns to the cart page and a product is not available anymore.","Se é rimasto un solo pezzo in magazzino e il pagamento del cliente che vuole comprare questo prodotto fallisce, il prodotto sarà riservato fino a quando l'ordine é cancellato (vedere l'opzione Timeout). Attivare questa opzione se si desidera che il prodotto NON sia riservato e che l'ordine con un pagamento non riuscito sia immediatamente annullato."
"If a product is in stock only once and the payment of the customer ordering this product fails or is aborted, it won't be available until the order is canceled (see timeout option below). Enable this setting to cancel the customer's pending orders when he returns to the cart page and a product is not available anymore. Be careful though: If you enable this option, there is a chance that payments are made with the corresponding order being already canceled.","Se un prodotto è disponibile solo una volta e il pagamento dell'ordine cliente il prodotto non riesce o viene interrotta, non sarà disponibile fino a quando l'ordine viene annullato (guarda l'opzione di timeout di seguito). Attiva questa impostazione per annullare gli ordini in attesa del cliente quando torna alla pagina del carrello e di un prodotto non è più disponibile. Attenzione, però: se si attiva questa opzione, c'è una possibilità che i pagamenti vengano effettuati con l'ordine corrispondente che é già stato annullato."
"If it is not applicable leave the field empty.","Se non é possibile lasciare il campo vuoto."
"If the sandbox mode is used, then the sandbox credentials are used. Login under 'https://developer.paypal.com/' with your live account and create a sandbox merchant account to use in sandbox mode.","If the sandbox mode is used, then the sandbox credentials are used. Login under 'https://developer.paypal.com/' with your live account and create a sandbox merchant account to use in sandbox mode."
"If the sandbox mode is used, then the sandbox credentials are used. You can sign up for a sandbox account under 'https://developer.paypal.com/'.","Se viene attivata la modalità sandbox, vengono utilizzate le credenziali sandbox. È possibile registrarsi per un account sandbox sotto 'https://developer.paypal.com/'."
"If the status is 'Pending' it is unclear whether the transaction will be cancelled successfully.","Se lo stato é 'in sospeso' non é chiaro se la transazione verrà annullata correttamente."
"If the status is 'Pending' it is unclear whether the transaction will be captured successfully.","Se lo stato é 'In sospeso' non é chiaro se la transazione sarà registrata con successo."
"If the status is 'Pending' it is unclear whether the transaction will be refunded successfully.","Se lo stato é 'In sospeso' non é chiaro se la transazione sarà rimborsata con successo."
"If the test mode is selected the test account is used. Otherwise the configured account is used.","If the test mode is selected the test account is used. Otherwise the configured account is used."
"If you have any issues with the module please feel free to contact us. See our <a href='https://www.sellxed.com/en/support' target='_blank'>support page</a> for more information.","Se hai problemi con il modulo non esitare a contattarci. Controlla anche <a href='https://www.sellxed.com/en/support' target='_blank'>support page</a> per ulteriori informazioni."
"If you select this checkbox, the payment will be captured at the PSP and you can not add additional captures.","Se selezioni questa opzione, il pagamento sarà registrato al PSP e non puoi aggiungere ulteriori registrazioni."
"If you would like to use recurring payments, you need our magento module ""Customweb Subscription"". For further information go to <a href=""http://www.sellxed.com/shop/"" target=""_blank"">sellxed.com</a>.","Se si desidera utilizzare pagamenti ricorrenti, è necessario il modulo di Magento ""abbonamento CustomWeb "". Per ulteriori informazioni visitare <a href=""http://www.sellxed.com/shop/"" target=""_blank"">sellxed.com</a>."
"Image Brand Selection","Image Brand Selection"
"In some cases it may take a few seconds until the transaction is successfully authorized. When this option is enabled, the notification is awaited.","In alcuni casi possono volerci alcuni secondi prima che la transazione sia autorizzata con successo. Quando l'opzione é attivata, la notifica arriva dopo qualche secondo."
"In some cases the transaction requires a few seconds until it is successfully authorized. When this option is enabled the user is hold until the transaction reach the final state. If this is not the case in 30 seconds a message is shown to the customer, which explains the situation.","In alcuni casi l'operazione richiede alcuni secondi prima di essere autorizzata. Quando questa opzione è abilitata l'utente è trattenuto fino a quando la transazione non é andato a buon fine. Se questo non è il caso in 30 secondi viene visualizzato un messaggio al cliente che spiega la situazione."
"Inactive","Inactive"
"Incl. Tax","Incl. tasse"
"Incomplete Address Check Response","Incomplete Address Check Response"
"Ineligible","Ineligible"
"Information","Informazione"
"Invalid login or password.","Login o password non validi."
"Invalid response received.","Invalid response received."
"Invoice Items","Articoli fattura"
"Invoice Settlement","Pagamento della fattura"
"Invoice Totals","Totali della fattura"
"Invoice settlement","Creazione della fattura"
"Invoice was created successfully","La fattura é stato creata con successo."
"Invoices","Fatture"
"Issue Number","Numero Issue"
"It is not possible to checkout in your country.","Non é possibile effettuare il checkout nel tuo paese."
"Item","Articolo"
"Item not received eligible.","Item not received eligible."
"Items","Articoli"
"Items Refunded","Articoli rimborsati"
"JCB","JCB"
"Live API Password","Live API Password"
"Live API Signature","Live API firma"
"Live API Username","Live API nome utente"
"Live Business E-mail Address","Live Business Indirizzo e-mail"
"Live HMAC Key","Live HMAC Key"
"Live Identifier (PBX_IDENTIFIANT)","Live Identifier (PBX_IDENTIFIANT)"
"Live Mode","Modalità live"
"Live Password","Live Password"
"Live REST API Client ID","Live REST API Client ID"
"Live REST API Client Secret","Live REST API Client Secret"
"Live Rang (PBX_RANG)","Live Rang (PBX_RANG)"
"Live Site ID (PBX_SITE)","Live Site ID (PBX_SITE)"
"Logging","Logging"
"Login","Login"
"Login & Register","Login & Registrati"
"Login and password are required.","Login e password richiesti."
"Logo Url","Logo Url"
"Mail order/telephone order authorization","Autorizzazione degli ordini via eMail/telefono"
"Manage Stores","Gestire negozi"
"Manage PayPal Plus Aliases","Gestisci gli alias PayPal Plus"
"Mark transaction without seller protection as uncertain.","Operazioni marchio senza Seller Protection come incerto."
"MasterCard","MasterCard"
"Maximum Order Total","Totale massimo dell'ordine"
"Message","Notifica"
"Method Title","Titolo del metodo"
"Minimum Order Total","Minimo per il totale dell'ordine"
"Modifications to the shipping address are not allowed.","Modifications to the shipping address are not allowed."
"Month","Mese"
"My PayPal Plus Aliases","I miei Alias PayPal Plus"
"Name entered","Name entered"
"Name of the web experience profile. Unique only among the profiles for this merchant.","Name of the web experience profile. Unique only among the profiles for this merchant."
"New Order","Nuovo ordine"
"New Order Status","Nuovo stato dell'ordine"
"New card","Nuova carta"
"Next Update Execution Date","Data del prossimo aggiornamento"
"No","No"
"No Items","Nessun articolo"
"No PayerId or paymentId returned","No PayerId or paymentId returned"
"No Profile registered","No Profile registered"
"No additional payment information available.","Nessuna informazione di pagamento supplementare."
"No authorization method found for payment method !method.","Nessun metodo di autorizzazione trovato per il pagamento !method."
"No button returned.","Nessun tasto fornito."
"No refund possible.","Nessun rimborso possibile"
"No shipping method needed.","Nessun metodo di spedizione necessario."
"No, use the dropdown.","No, use the dropdown."
"Not supported intent. Please contact the merchant for more information about your payment","Not supported intent. Please contact the merchant for more information about your payment"
"Only an authorized transaction can be marked as finally declined.","Solo una transazione autorizzata può essere contrassegnata come Rifiutata."
"Only an uncertain transaction can be marked as finally declined.","Solo una transazione incerta può essere contrassegnata  Rifiutata."
"Only authorized transaction can be cancelled.","Solo le transazioni autorizzate possono essere cancellate."
"Only authorized transaction can be captured.","Solo le transazioni autorizzate possono essere registrate."
"Only authorized transaction can be refunded.","Solo transazioni autorizzate possono essere rimborsate."
"Only captured transaction can be refunded.","Solo le transazioni registrate possono essere rimborsate."
"Only on captured transaction the flag customer refusing to pay can be set.","E ' possibile impostare un flag per i clienti che non hanno pagato solo sulle transazioni registrate."
"Operation Mode","Modalità di funzionamento"
"Order #","Numero d'ordine"
"Order Description","Order Description"
"Order Grand Total","Totale complessivo dell'ordine"
"Order Information","Informazioni sull'ordine"
"Order Prefix","Prefix ordine"
"Order Review","Controllo ordine"
"Order Summary","Riassunto dell'ordine"
"Order Total","Totale dell'ordine"
"Order cancelled, because the customer was too long in the payment process of PayPal Plus.","L'ordine é stato annullato perché il cliente é rimasto troppo a lungo nel processo di pagamento di PayPal Plus."
"Order prefix","Order prefix"
"Order was placed using %s","L'ordine é stato effettuato usando %s"
"Orders","Ordini"
"Orders with with payments that are longer pending than the specified timeout in minutes are cancelled automatically.","Gli ordini il cui pagamento é in sospeso da più tempo del timeout definito in minuti saranno annullati automaticamente. Per utilizzare questa funzione devi impostare Magento cron."
"Paid Amount","Importo pagato"
"Partial","Partial"
"Partial refund not possible. You may retry with the total transaction amount.","Rimborso parziale non possibile. Riprovare con l'importo totale della transazione."
"Password","Password"
"Password and password confirmation are not equal.","La password e la conferma della password non corrispondono."
"Pay with ____paymentMethodName____","Paga con ____paymentMethodName____"
"PayPal Refund.","PayPal rimborso"
"PayPal allows to set the encoding under Profile > My Selling Tools > PayPal button language encoding > More Options. You should set always the both encoding to the same encoding and select here the corresponding encoding. The default encoding for PayPal is 'Windows-1252'.","PayPal consente di impostare la codifica in Profile > My Selling Tools > PayPal button language encoding > More Options. Si dovrebbe sempre impostare sia la stessa codifica e selezionare qui la codifica corrispondente. La codifica predefinita per PayPal è 'Windows-1252'."
"PayerId","PayerId"
"Payment","Pagamento"
"Payment ID","Payment ID"
"Payment Id","ID pagamento"
"Payment Information","Informazioni sul pagamento"
"Payment Method","Metodo di pagamento"
"Payment Mode","Payment Mode"
"Payment captured successfully.","Pagamento salvato con successo."
"Payment could not be authorized. Cancelling order. Reason : ","Il pagamento non potesse essere autorizzato. L'ordine sarà annullato. Motivo:"
"Payment details can be entered after placing the order","I dettagli di pagamento possono essere inseriti dopo avere effettuato l'ordinato."
"Payment due date","Payment due date"
"Payment from Applicable Countries","Payment from Applicable Countries"
"Payment from Specific Countries","Payment from Specific Countries"
"Payment from applicable countries","Pagamento da paesi applicabili"
"Payment from specific countries","Pagamento da paesi specifici"
"Payment is pending at PayPalPlusCw","Pagamento in sospeso in PayPalPlusCw."
"Payment method description","Descrizione di metodo di pagamento"
"Payment wall creation failed with an unkown reason.","Payment wall creation failed with an unkown reason."
"Payment was not successful.","Il pagamento non è riuscito."
"Payment with %s","Pagamento con %s"
"Payment with PayPal Plus","Pagamenti con ____ paymentServiceProviderName____"
"Payments may be updated periodically (interval in minutes). To use this feature you have to setup magento cron","I pagamenti possono essere aggiornati automaticamente (intervallo in minuti) via API (se attivato). Per utilizzare questa funzione, il Magento Cron deve essere abilitato."
"Pending","In sospeso"
"Pending PayPalPlusCw","PayPalPlusCw in attesa"
"Place Order","Fare un ordine"
"Please agree to all the terms and conditions before placing the order.","Accetta i termine e le condizioni prima di fare un ordine."
"Please check the entered CVC number.","Si prega di controllare il numero CVC inserito."
"Please check the entered credit card number.","Si prega di controllare il numero di carta di credito inserito."
"Please click the create button, to register the webhook.","Please click the create button, to register the webhook."
"Please enter here the Bank Identifier Code (BIC).","Inserisci qui il codice di identificazione bancario (BIC)."
"Please enter here the CVC code from your card. You find the code on the back of the card.","Inserisci qui il codice CVC che si trova sul retro della tua carta."
"Please enter here the International Bank Account Number (IBAN).","Si prega di inserire l'IBAN (numero di conto bancario internazionale)."
"Please enter here the account holder name on the card.","Si prega di inserire qui il nome del titolare del conto sulla carta."
"Please enter here the account holder name.","Si prega di inserire qui il nome del titolare del conto."
"Please enter here the account number of your bank account.","Si prega di inserire l'IBAN (numero di conto bancario internazionale)."
"Please enter here the bank code of your bank.","Si prega di inserire il codice banca ."
"Please enter here the card holder name on the card.","Inserire qui il nome del titolare della carta."
"Please enter here the commercial number of your company.","Si prega di inserire il numero di iscrizione nel registro delle imprese."
"Please enter here the name of the account owner.","Si prega di inserire il nome del titolare del conto."
"Please enter here the number on your card.","Si prega di inserire il numero di carta di carta di credito."
"Please enter here the sales tax number of your company.","Inserisci qui la partita IVA della tua azienda."
"Please enter here your social security number.","Si prega di inserire il numero di sicurezza sociale."
"Please enter the location of your bank.","Si prega di inserire la posizione della banca."
"Please enter the name of your bank.","Si prega di inserire il nome della banca."
"Please enter your IBAN number.","Inserisci il tuo numero IBAN."
"Please enter your issue number, if there is no CVC code on your card.","Inserisci l'issue number, se non c'é alcun codice CVC sulla carta."
"Please flash or disable the cache storage and retry. If this did not help, change the authorization method to PaymentPage and <a href=""%s"" target=""_blank"">contact sellxed</a>.","Svuota o disabilita la memoria cache e riprova. Se non dovesse aiutare, cambia il metodo di autorizzazione in PaymentPage and <a href=""%s"" target=""_blank"">contact sellxed</a>."
"Please flash or disable the cache storage and retry. If this did not help, change the authorization method to PaymentPage and <a href=""%s"" target=""_blank"">contact sellxed</a>.', 'http://www.sellxed.com/en/support","Si prega di lampeggiare o disabilitare la memoria cache e riprovare. Se questo non ha aiutato, cambiare il metodo di autorizzazione per PaymentPage e <a href=""%s"" target=""_blank"">contattare sellXed</a>.', 'http://www.sellxed.com/en/support"
"Please flush or disable the cache storage and retry. If this did not help, change the authorization method to PaymentPage and <a href=""%s"" target=""_blank"">contact sellxed</a>.","Svuota o disabilita la memoria cache e riprova. Se questo non aiuta, cambia il metodo di autorizzazione in PaymentPage e <a href=""%s"" target=""_blank"">contatta sellxed</a>."
"Please log in below:","Log in"
"Please select","Si prega di selezionare"
"Please select a shipping method before sending the order.","Seleziona un metodo di spedizione prima di inviare l'ordine."
"Please select the Bank Identifier Code (BIC) of your bank.","Seleziona il Bank Identifier Code (BIC) della  banca."
"Please select the day of your birth.","Si prega di selezionare il giorno della tua nascita."
"Please select the expiry month on your card.","Devi inserire il mese della scadenza della carta."
"Please select the expiry year on your card.","Inserisci la data di scadenza della carta."
"Please select the month of your birth.","Seleziona il mese di nascita."
"Please select the the year of your birth.","Si prega di selezionare l'anno di nascita."
"Please specify the payment method.","Please specify the payment method."
"Please wait, processing your order...","Per favore attendi, elaborando il tuo ordine..."
"Please wire the amount of <b>!amount !currency</b> to:<br />","Please wire the amount of <b>!amount !currency</b> to:<br />"
"Possible fraud detected. Currency was invalid.","Possible fraud detected. Currency was invalid."
"Possible fraud detected. Parameters send from PayPal Plus were not correct.","Una frode potenziale è stato scoperto. I parametri che sono stati inviati da PayPal Plus sono corretti."
"Possible fraud detected. Receiver id was invalid.","Possibili frodi rilevato. Il ID di ricevitore non è valido."
"Possible fraud detected. Total amount was invalid.","Possibili frodi rilevato. L'importo totale è valido."
"Possible fraud detected. Total currency was invalid.","Possibili frodi rilevato. La moneta totale non è valido."
"Postal Code entered","Postal Code entered"
"Price","Prezzo"
"Product","Prodotto"
"Product Name","Nome del prodotto"
"Profile Id","Profile Id"
"Profile Name","Profile Name"
"Purchase Point","Luogo di acquisto"
"Qty","Quantità"
"Received malformatted response from PayPal Plus","Received malformatted response from PayPal Plus"
"Received malformatted response from PayPal Plus during execution","Received malformatted response from PayPal Plus during execution"
"Received malformatted response from PayPal Plus during registration","Received malformatted response from PayPal Plus during registration"
"Recurring Payments","Pagamenti ricorrenti"
"Recurring payment","Recurring payment"
"Reference","Reference"
"Refund Amount","Importo rimborsato"
"Refund ID","ID rimborso"
"Refund amount","Importo rimborsato"
"Refund failed with unkown error.","Refund failed with unkown error."
"Refund failed. Error message is: !message.","Il rimborso non è riuscita. Il messaggio di errore è il seguente: !message."
"Refund information","Informazione sul rimborso"
"Refund status","Status rimborso"
"Refunded Amount","Importo rimborsato"
"Refunds","Crediti"
"Register","Registrarsi"
"Register to Create an Account","Iscriviti per creare un account"
"Register with us for future convenience:","Iscriviti per facilitare la tua prossima visita:"
"Release Date","Data di rilascio"
"Review","Revisione"
"Rounding Adjustment","Arrotondamenti"
"Rounding Adjustments","Rettifiche da arrotondamento"
"Routing Number","Routing Number"
"Row Total","Totale riga"
"SEPA Mandate ID","SEPA Mandate ID"
"SKU:","SKU:"
"Sales","Vendite"
"Sales Tax Number","Numero tasse vendite"
"Sandbox API Password","Sandbox API Password"
"Sandbox API Signature","Sandbox API Firma"
"Sandbox API Username","Sandbox API nome utente"
"Sandbox Business E-Mail Address","Sandbox Business Indirizzo e-mail"
"Sandbox Mode","Modalità Sandbox"
"Sandbox REST API Client ID","Sandbox REST API Client ID"
"Sandbox REST API Client Secret","Sandbox REST API Client Secret"
"Save","Salva"
"Saved cards:","Carte salvate"
"See order and shipping status","Controlla l'ordine e lo stato della spedizione"
"Select Brand","Seleziona Marca"
"Select Method","Seleziona metodo"
"Select the authorization method to use for processing this payment method.","Seleziona il metodo di autorizzazione da utilizzare per l'elaborazione di questo metodo di pagamento."
"Select the date of your birth.","Inserisci la data di nascita"
"Select the date on which your card expires.","Seleziona la data di scadenza della carta."
"Seller Protection","Protezione del venditore"
"Send Invoice Email","Invia la fattura per email"
"Send amounts to PayPal Plus in base currency.","Invia l'importo a PayPal Plus  in base alla valuta."
"Send amounts to PayPal Plus in store's base currency.","Invia importo a PayPal Plus  nella valuta base del negozio."
"Send invoice email","Invia la fattura via email"
"Send the invoice email automatically after invoice creation.","Invia la fattura automaticamente via email dopo averla creata."
"Set direct capture after order. In this case your authoization will directly be captured on your customer's credit card","Per la 'Contabilizzazione diretta' l'importo viene contabilizzato direttamente dopo il pagamento completato. Per la 'Contabilizzazione ritardata' l'importo viene addebitato solo dopo un periodo di tempo definito da voi."
"Set here your e-mail address of your live account.","Inserisci l'indirizzo email del account live."
"Set the sort order to show the external checkouts.","Impostare il criterio di ordine per visualizzare i checkout esterni."
"Set up your API access in your PayPal Plus account under My Profile > Further Options > API Access > Show API pass-phrase and copy the details into the main module.","Set up your API access in your PayPal Plus account under My Profile > Further Options > API Access > Show API pass-phrase and copy the details into the main module."
"Settlement after order","Creazione dopo l'ordine"
"Setup","Setup"
"Shipping & Handling","Shipping & Handling"
"Shipping Address","Shipping Address"
"Shipping Amount","Importo di spedizione"
"Shipping Information","Informazioni di spedizione"
"Shipping Method","Metodo di spedizione"
"Shipping Methods","Metodi di spedizione"
"Shipping Refund","Rimborso della spedizione"
"Shop","Shop"
"Shopname","Shopname"
"Short Installation Instructions:","Short Installation Instructions:"
"Should transaction without seller protection marked as uncertain?","Vuoi che le transazioni senza Protezione del venditore sono contrassegnati come incerto?"
"Show","Mostra"
"Show Account Selection","Mostra la selezione dell'account"
"Show Further Settings and Information","Mostra ulteriori impostazioni e informazioni"
"Show Image","Mostra immagine"
"Show Payment Id","Mostra il Payment Id"
"Show the payment id","Mostra il payment ID"
"Show the payment id in the order information","Mostra il payment ID nell'informazione dell'ordine"
"Show the payment image","Mostra l'immagine di pagamento"
"Show the payment image on the checkout page","Mostra l'immagine di pagamento nella pagina di checkout"
"Sign In","Log in"
"Social Security Number","Social Security Number"
"Sort Order","Sort Order"
"Standard","Standard"
"State entered","State entered"
"Status","Stato"
"Status for Refused ECheck Payments","Status for Refused ECheck Payments"
"Status for Successful ECheck Payments","Status for Successful ECheck Payments"
"Status for declined payments","Status for declined payments"
"Store the payment details","Salvare i dati di pagamento"
"Stored payment details","Dettagli di pagamento memorizzate"
"Street entered","Street entered"
"Submit Order","Conferma l'ordine"
"Submitting order information...","Invio informazioni sull'ordine ..."
"Subtotal","Totale parziale"
"Success","Successo"
"Successful","Successo"
"Successful online refund of amount","Rimborso online dell'importo andato a buon fine."
"Successful payment authorization.","Pagamento autorizzato con successo."
"Successfull online refund of amount","Rimborso online dell'importo andato a buon fine."
"Support","Supporto"
"Tax Amount","Importo Tassa"
"Technical error please contact the merchant.","Technical error please contact the merchant."
"Technical issue: This payment methods is not available at the moment.","Problema tecnico: Questo metodo di pagamento non é disponibile in questo momento."
"Technical problem, please contact the merchant.","Technical problem, please contact the merchant."
"Test Mode","Test Mode"
"Test Transaction","Test per la transazione"
"The API used to communicate with PayPal Plus. Recurring payments require Express Checkout to be selected.","The API used to communicate with PayPal Plus. Recurring payments require Express Checkout to be selected."
"The Billing Agreement Failed.","L'Accordo di fatturazione non riuscita."
"The Billing Agreement was not ready.","L'accordo di fatturazione non era pronta."
"The HMAC key as defined in the live backoffice of PayPal Plus. You may need generate the HMAC key. Please take a look at the manual how to do this.","The HMAC key as defined in the live backoffice of PayPal Plus. You may need generate the HMAC key. Please take a look at the manual how to do this."
"The SEPA mandate schema does not contain the tag '!tag'. This tag is required.","Lo schema mandato SEPA non contiene il tag '!tag' necessario."
"The alias could not be found.","L'alias non é stato trovato."
"The alias has been deleted.","L'alias é stato cancellato."
"The alias transaction could not be conductet with error code: !code, and reason: !reason:","The alias transaction could not be conductet with error code: !code, and reason: !reason:"
"The amount could not be verified.","The amount could not be verified."
"The amount of !amount is authorized.","La quantità di !amount é autorizzata."
"The amount of !amount is captured.","La quantità di !amount é registrata."
"The authorization method '!method' is not supported.","Il metodo autorizzazione '!method' non é supportato."
"The authorization was not successful","The authorization was not successful"
"The brand of the credit card is detected by the card number if hidden authorization is used. If the payment page is used, the user has to select the brand. The allowed credit card brands can be restricted by this setting.","The brand of the credit card is detected by the card number if hidden authorization is used. If the payment page is used, the user has to select the brand. The allowed credit card brands can be restricted by this setting."
"The brand with external name '!key' was not present in the map.","Il marchio con il nome esterno '!key' non era presente nella mappa."
"The brand with key '!key' was not found in the card information map.","Il marchio con la chiave !key' non é stata trovata nella mappa dati della carta."
"The cancellation could not be conducted. Error code: !error.","The cancellation could not be conducted. Error code: !error."
"The capture amount (!captureAmount) cannot be greater than the authorized amount (!authorizedAmount).","La quantità da registrare (!captureAmount) non può essere superiore all'importo autorizzato (!authorizedAmount)."
"The capture item with SKU '@sku' has a higher amount (@amountItem) as the original item (@amountOriginal).","Il prodotto registrato con SKU '@sku' a una quantità (@amountItem) superiore rispetto al prodotto originale (@amountOriginal)."
"The capture item with SKU '@sku' is not present in the original order.","Il prodotto registrato con SKU '@sku' non é presente nell'ordine originale."
"The capturing could not be conducted. Error code: !error.","The capturing could not be conducted. Error code: !error."
"The card brand selection is automatically done depending on the entered card number. If no Javascript is active in the browser, a drop down is shown. In case JavaScript a the brand logos can be shown. Should the brand selection using images?","The card brand selection is automatically done depending on the entered card number. If no Javascript is active in the browser, a drop down is shown. In case JavaScript a the brand logos can be shown. Should the brand selection using images?"
"The configuration has been saved.","La configurazione é stata salvata."
"The controller class '@controller' does not provide any method with annotation 'Customweb_Payment_Endpoint_Annotation_ExtractionMethod' and valid output.","La classe del controllore '@controller' non fornisce alcun metodo con annotazione 'Customweb_Payment_Endpoint_Annotation_ExtractionMethod'   e un valido output."
"The customer does not finish the payment with in the timeout.","Il cliente non completa il pagamento entro il tempo stabilito."
"The date of birth is required.","È richiesta la data di nascita."
"The expected format is '!format' where the 'MM' means the month number and 'YY' the year number.","Il formato previsto é '!format' dove per 'MM' si intende il numero del mese e 'YY' il numero dell'anno."
"The gender is required.","Il sesso deve essere specificato."
"The given CVC code has the wrong length.","Il dato codice CVC ha la lunghezza sbagliata."
"The given card number has an invalid check sum.","Il numero della carta fornito ha un checksum non valido."
"The given card number has an invalid length.","Il numero della carta fornito ha una lunghezza non valida."
"The given hmac key is empty.","The given hmac key is empty."
"The given identifier is empty.","The given identifier is empty."
"The given password is empty.","The given password is empty."
"The given rang is empty. It must be a nummeric value with length of two.","The given rang is empty. It must be a nummeric value with length of two."
"The given rang is invalid. It must be a nummeric value with length of two.","The given rang is invalid. It must be a nummeric value with length of two."
"The given site number is empty.","The given site number is empty."
"The identifier as defined in the backoffice of PayPal Plus.","The identifier as defined in the backoffice of PayPal Plus."
"The initial recurring transaction could not be conducted.","La transazione ricorrente iniziale non poteva essere condotta."
"The invoice could not be captured and processed by","Il conto non può essere contabilizzato o trattato da PayPal Plus."
"The invoice could not be captured and processed. Reason:","La fattura non può essere registrata e processata. Causa:"
"The invoice could not be found.","La fattura non é stato trovata."
"The invoice has been changed.","La fattura é stata cambiata."
"The invoice no longer exists.","La fattura non esiste più."
"The layout does not contain the tag '!layout_tag'.","Il layout non contiene il tag '!layout_tag'."
"The next update execution date indicates when the next cron is run to update the transaction state.","La data del prossimo aggiornamento indica quando il prossimo cron é lanciato per aggiornare lo stato della transazione."
"The notification request could not be verified by PayPal.","La richiesta di notifica non può essere verificato da PayPal."
"The notification request could not be verified by PayPal. (Anwser was '!answer').","La richiesta di notifica non può essere verificato da PayPal. (Risposta era '!answer')."
"The order description is shown to the customer on the payment page. The desribtion should describe the products that are sold.","Il riepilogo dell'ordine viene visualizzato al cliente en la pagina di pagamento. Esso dovrebbe contenere una sintesi di tutti i prodotti ordinati."
"The order is not fully completed. Please contact the store owner.","Il pagamento non ha potuto andare a buon fine."
"The payment could not be initialized. Error: @error","The payment could not be initialized. Error: @error"
"The payment form will be displayed after submitting the order.","Il formulario di pagamento sarà mostrato dopo aver effettuato l'ordine."
"The payment has been accepted.","Il pagamento é stato accettato."
"The payment has been denied.","Il pagamento é stato rifiutato."
"The payment method !paymentMethodName does not support the currency '!currency'.","ll metodo di pagamento !paymentMethodName non supporta la moneta '!currency'."
"The payment method !paymentMethodName is not available in your country ('!country').","Il metodo di pagamento !paymentMethodName non è disponibile nel tuo paese ('!country')."
"The payment update has been made.","L'aggiornamento del pagamento é stato fatto."
"The provided signature does not match with the one calculated.","La firma fornita non corrisponde a quella calcolata."
"The rang (PBX_RANG) as defined in the live backoffice of PayPal Plus. It must be nummeric value with length two. In the backoffice it may be displayed as a three char value. You must truncate the first digit.","The rang (PBX_RANG) as defined in the live backoffice of PayPal Plus. It must be nummeric value with length two. In the backoffice it may be displayed as a three char value. You must truncate the first digit."
"The recurring payment could not be conducted. Error: @error","The recurring payment could not be conducted. Error: @error"
"The recurring payment could not be initialized","Il pagamento ricorrente non poteva essere inizializzato."
"The recurring payment could not be initialized. Error: @error","The recurring payment could not be initialized. Error: @error"
"The recurring transaction could not be conducted.","La transazione ricorrente non poteva essere condotta."
"The refund item with SKU '@sku' has a higher amount (@amountItem) as the original item (@amountOriginal).","Il prodotto rimborsato con SKU '@sku' ha una quantità (@amountItem) superiore rispetto al prodotto originale (@amountOriginal)."
"The refund item with SKU '@sku' is not present in the original order.","Il prodotto rimborsato con SKU '@sku' non é presente nell'ordine originale."
"The refunding could not be conducted. Error code: !error.","The refunding could not be conducted. Error code: !error."
"The shop name is displayed in the payment instructions.","The shop name is displayed in the payment instructions."
"The shopping cart has been altered!","Il carrello é stato modificato!"
"The signature could not be verified.","The signature could not be verified."
"The site id (PBX_RANG) as defined in the backoffice of PayPal Plus.","The site id (PBX_RANG) as defined in the backoffice of PayPal Plus."
"The total refund amount (!totalRefundedAmount) cannot be greater than the captured amount (!capturedAmount).","L'importo totale rimborsato (!totalRefundedAmount) non può essere superiore all'importo acquisito (!capturedAmount)."
"The transaction cannot be cancelled online.","Impossibile cancellare la transazione online."
"The transaction cannot be captured online.","Impossibile registrare la transazione online."
"The transaction cannot be refunded online.","Impossibile rimborsare la transazione online."
"The transaction could not be cancelled. Error: @error","The transaction could not be cancelled. Error: @error"
"The transaction could not be captured.","L'operazione non può essere contabilizzato."
"The transaction could not be captured. Error: @error","The transaction could not be captured. Error: @error"
"The transaction could not be conducted.","The transaction could not be conducted."
"The transaction failed with error code !code.","The transaction failed with error code !code."
"The transaction is only executed in the test system. The goods should not be delivered.","La transazione viene eseguita solo nel sistema di test. Le merci non devono essere consegnate."
"The transaction was aborted by the customer.","The transaction was aborted by the customer."
"The whole transaction is cancelled.","L'intera transazione é stata annullata."
"There has been a problem during the processing of your payment.","C'é stato un problema durante l'elaborazione del tuo pagamento."
"There has been a problem during the processing of your payment. Please contact the shop owner to make sure your order was placed successfully.","Si é verificato un problema durante l'elaborazione del pagamento. Si prega di contattare il proprietario del negozio per assicurarsi che il vostro ordine sia stato effettuato con successo."
"There is a problem with your license. Please contact us (www.sellxed.com/support). Reason: %1","Si é verificato un problema con la tua licenza. Ti preghiamo di contattarci (www.sellxed.com/support). Reason: %1"
"There is a problem with your license. Please contact us (www.sellxed.com/support). Reason: %s","C'é un problema con la tua licenza. Contattaci (www.sellxed.com/support). Causa : %s"
"There is already a customer registered using this email address. Please login using this email address or enter a different email address to register your account.","Questo indirizzo email é già registrato. Effettua il login o inserisci un nuovo indirizzo email per creare un account."
"There seems to be a problem with the PayPal Plus module.","Sembra esserci un problema con il modulo PayPal Plus."
"There was an error during the initial registration of the payment wall.","There was an error during the initial registration of the payment wall."
"There was an error validating the login and password.","C'è stato un errore durante la convalida del login e password."
"This account is not confirmed. <a href=""%s"">Click here</a> to resend confirmation email.","Questo account non é confermato. <a href=""%s"">Clicca qui</a> per rimandare l'email di conferma."
"This is a brief instruction of the main and most important installation steps, which need to be performed when installing the PayPal Plus module. For detailed instructions regarding additional and optional settings, please refer to the enclosed instructions in the zip.","This is a brief instruction of the main and most important installation steps, which need to be performed when installing the PayPal Plus module. For detailed instructions regarding additional and optional settings, please refer to the enclosed instructions in the zip."
"This password is used for recurring payments and for the alias manager as well as for the server authorization. This is the password of the PayPal Plus account.","This password is used for recurring payments and for the alias manager as well as for the server authorization. This is the password of the PayPal Plus account."
"This setting can be used to activate resp. deactivate the 3D secure check. Please check with PayBox if you are allowed to deactivate the 3D secure check. This setting has only an effect when you use the payment page.","This setting can be used to activate resp. deactivate the 3D secure check. Please check with PayBox if you are allowed to deactivate the 3D secure check. This setting has only an effect when you use the payment page."
"This status is set, when the payment was successfull and it is authorized.","Questo stato viene impostato, quando il pagamento ha avuto esito positivo ed è stato autorizzato."
"This transaction is already closed for further captures.","Questa transazione é già chiusa."
"This transaction is already closed for further refunds.","Questa transazione é stata chiusa e non sono più possibili rimborsi."
"This transaction no longer exists.","La transazione non esiste più."
"Timeout for pending payments (min)","Timeout per i pagamenti in sospeso"
"Titel","Titolo"
"Title","Title"
"Title of the payment method","Nome del metodo di pagamento"
"Total","Totale"
"Total Shipping Charges","Totale spese di trasporto"
"Track order history","Traccia lo storico dell'ordine"
"Transaction","tbcl_paypalpluscw_transaction_view"
"Transaction Authorized","Transazione autorizzata"
"Transaction Cancelled","Transazione annullata"
"Transaction Captured","Transazione registrata"
"Transaction History","Storico della transazione"
"Transaction Id","Transaction ID"
"Transaction Paid","La transazione é stata pagata"
"Transaction Uncertain","Transazione incerta"
"Transaction Updates","Transaction Updates"
"Transaction cancelled successfully","La transazione é stata annullata con successo."
"Transaction captured successfully","Transazione registrata con successo"
"Transaction execution failed","Transaction execution failed"
"Transaction failed","Transaction failed"
"Transaction failed or cancelled by the customer","Transaction failed or cancelled by the customer"
"Transaction failed with an unkown reason.","Transaction failed with an unkown reason."
"Transaction history","Sintesi delle transazioni"
"Transaction was authorized over the deferred authorization mechanism.","La transazione é stata autorizzata con il meccanismo di autorizzazione differita."
"Transactions","Transazioni"
"US-ASCII","US-ASCII"
"UTF-8","UTF-8"
"Unable to save the invoice.","Impossibile salvare la fattura."
"Unauthorized payment eligible.","Unauthorized payment eligible."
"Uncertain Status","Stato incerto"
"Uncertain transactions","Transazioni incerte"
"Update","Aggiornamento"
"Update Qty's","Regolare la quantità"
"Update interval for payments","Intervallo di aggiornamento per i pagamenti"
"Use Base Currency","Usa valuta di base"
"Use Default","Usare le impostazioni standard"
"Use base currency","Usa la valuta di base"
"VISA","VISA"
"Validation","Validazione"
"Validation Item","Validation Item"
"Version","Versione"
"View","Visualizza"
"Wait On Success Page","Aspetta sulla pagina di successo"
"We cannot get the transaction instance.","Non possiamo stabilire una transazione."
"We experienced a problem with your sellxed payment extension. For more information, please visit the configuration page of the plugin.","Si é verificato un problema con l'estensione del tuo pagamento sellxed . Per maggiori informazioni, si prega di visitare la pagina di configurazione del PayPal Plus plugin."
"Webhook ID","Webhook ID"
"Webhook Url","Webhook Url"
"Webhooks","Webhooks"
"When the store is not available (network outage, server failure or any other outage), when the feedback of PayPal Plus is sent, then the transaction state is not updated. Hence no order confirmation e-mail is sent and the order is not in the paid state. By activating the transaction update, such transactions can be authorized later over direct link. To use this feature the update service must be activated and the API username and the API password must be set.","When the store is not available (network outage, server failure or any other outage), when the feedback of PayPal Plus is sent, then the transaction state is not updated. Hence no order confirmation e-mail is sent and the order is not in the paid state. By activating the transaction update, such transactions can be authorized later over direct link. To use this feature the update service must be activated and the API username and the API password must be set."
"When using an external checkout, the customer can either be asked to chose an option to authenticate (as guest, register or login) or he can always be checked out as guest. For the second option to work, guest checkout has to be enabled in magento.","Quando si utilizza un checkout esterno, può essere chiesto al cliente di scegliere l'opzione di autenticazione (come ospite, registrato o login) oppure può sempre fare il checkout come ospite. Affinché  la seconda opzione funzioni, il checkout come ospite deve essere abilitato in Magento."
"Windows-1250","Windows-1250"
"Windows-1251","Windows-1251"
"Windows-1252","Windows-1252"
"Windows-1253","Windows-1253"
"Windows-1254","Windows-1254"
"Windows-1255","Windows-1255"
"Windows-1256","Windows-1256"
"Windows-1257","Windows-1257"
"Windows-1258","Windows-1258"
"Windows-874","Windows-874"
"With this setting you can disable the check for modifications to the shipping address. If the check is disabled, you have to make sure you deliver your items to the address entered at PayPal Plus, otherwise you will loose your seller protection.","With this setting you can disable the check for modifications to the shipping address. If the check is disabled, you have to make sure you deliver your items to the address entered at PayPal Plus, otherwise you will loose your seller protection."
"Without Seller Protection.","Without Seller Protection."
"Without protection against claims for items not received.","Without protection against claims for items not received."
"Without protection against claims for unauthorized payments.","Without protection against claims for unauthorized payments."
"Year","Anno"
"Yes","Si"
"Yes, use images for the brand selection.","Yes, use images for the brand selection."
"You can allow the customers to manage/delete their aliases in the their account.","Puoi permettere ai clienti di gestire/eliminare il loro alias nel loro account."
"You can decide on the order status new orders should have after they are processed successfully.","Definire lo stato dell'ordine per i nuovi ordini, che sono stati trattati con successo."
"You can decide on the order status new orders should have that have an uncertain authorization status.","Definire lo stato dell'ordine per i nuovi ordini che hanno uno status incerto."
"You can select if transaction without full seller protection should be marked as uncertain.","You can select if transaction without full seller protection should be marked as uncertain."
"You can specify the order status for new orders that have an uncertain authorisation status.","Qui è possibile specificare lo stato dell'ordine per i nuovi ordini che hanno uno status di autorizzazione incerto."
"You can specify the order status for orders that are captured either directly after the order or manually in the backend.","Con questa opzione è possibile specificare lo stato per gli ordini che sono o catturati subito dopo l'ordine o manualmente."
"You can specify the order status of Echeck payments for orders that are successful after being in a uncertain state. The status is changed automatically after PayPal sends a notification of the payment.","You can specify the order status of Echeck payments for orders that are successful after being in a uncertain state. The status is changed automatically after PayPal sends a notification of the payment."
"You can specify the order status of payments, which are declined after being pending at PayPal Plus.","You can specify the order status of payments, which are declined after being pending at PayPal Plus."
"You can specify the order status when an order is cancelled.","Qui è possibile specificare lo stato dell'ordine per gli ordini annullati."
"You created the order.","Hai creato questo ordine."
"You have no stored aliases.","Non hai nessun alias memorizzato."
"You have to enter a card number.","SI prega di inserire il numero della carta di credito."
"You have to enter bank code of your bank.","Si prega di inserire il codice delle tua banca"
"You have to enter commercial number of you company.","Si prega di inserire il numero di iscrizione nel registro delle imprese."
"You have to enter either the CVC code or the issue number of your card.","Si prega di inserire il codice CVC o il numero di emissione della carta."
"You have to enter sales tax number of you company.","SI prega di inserire il numero di partita IVA."
"You have to enter sales tax number of your company.","È necessario inserire il numero di imposta sulle vendite della tua azienda."
"You have to enter the BIC.","Si prega di inserire il BIC della tua banca."
"You have to enter the CVC code from your card.","Si prega di inserire il CVC della carta di credito."
"You have to enter the IBAN.","Si prega di inserire il codice IBAN."
"You have to enter the account holder name on the card.","Si prega di inserire il nome del titolare del conto come scritto sulla carta."
"You have to enter the account holder name.","Si prega di inserire qui il nome del titolare del conto sulla carta."
"You have to enter the card holder name on the card.","Si prega di inserire il nome del proprietario della carta."
"You have to enter the location of your bank.","Si prega di inserire la posizione della banca."
"You have to enter the name of the account owner.","Si prega di inserire il nome del titolare del conto."
"You have to enter the name of your bank.","Si prega di indicare il nome della banca."
"You have to enter your IBAN Number.","Si prega di inserire il codice IBAN."
"You have to enter your bank account number.","Si prega di inserire l'IBAN (numero di conto bancario internazionale)."
"You have to enter your social security number.","Si prega di inserire il numero di sicurezza sociale."
"You may choose one of the cards you paid before on this site.","È possibile scegliere una delle schede usate in precedenza:"
"You may choose one of your stored payment details.","È possibile scegliere uno dei tuoi dati di pagamento memorizzati."
"You will be redirect to the order confirmation page.","Verrai reindirizzato alla pagina di conferma dell'ordine."
"Your browser does not allow the execution of JavaScript. Please activate JavaScript in your browser and reload this page.","Il tuo browser non permette l'esecuzione di JavaScript. Si prega di attivare JavaScript nel tuo browser e ricarica questa pagina."
"Your checkout session expired.","Your checkout session expired."
"Your payment was not successful, please contact the merchant.","Il pagamento non ha avuto successo, si prega di contattare il commerciante."
"Your payment was not successful.","Your payment was not successful."
"PayPalPlusCw Aliases","PayPalPlusCw Alias"
"____paymentMethodName____","____paymentMethodName____"
"PayPal Plus Aliases","PayPal Plus Aliases"
"PayPal Plus Error","Errore di PayPal Plus"
"PayPal Plus Parameters","Impostazioni per PayPal Plus"
"PayPal Plus Refund Items","Articoli rimborsati PayPal Plus"
"PayPal Plus Refund.","PayPal Plus Refund."
"PayPal Plus Section","Sezione PayPal Plus"
"PayPal Plus Transactions","PayPal Plus transazioni"
"PayPal Plus:","PayPal Plus:"
"PayPal Plus: Alias Management","PayPal Plus: Alias Management"
"customweb ltd","customweb SRL"
"no","no"
"or","oppure"
"x-mac-centraleurroman","x-mac-centraleurroman"
"x-mac-cyrillic","x-mac-cyrillic"
"x-mac-greek","x-mac-greek"
"x-mac-turkish","x-mac-turkish"
"yes","yes"
